rule_id,seq_id,od,do
0,0,0,2500
0,0,15000,17500
0,0,107500,110000
0,0,150000,152500
0,0,157500,160000
0,0,165000,167500
0,0,200000,202500
0,0,265000,267500
0,0,295000,297500
0,0,302500,305000
0,0,372500,375000
0,0,395000,397500
0,0,400000,402500
0,0,445000,447500
0,0,555000,557500
0,0,592500,595000
0,0,642500,645000
0,0,710000,712500
0,0,720000,722500
0,0,735000,737500
0,0,1000000,1002500
0,0,1062500,1065000
1,0,12500,15000
1,0,102500,105000
1,0,142500,145000
1,0,155000,157500
1,0,210000,212500
1,0,260000,262500
1,0,292500,295000
1,0,297500,300000
1,0,367500,370000
1,0,392500,395000
1,0,397500,400000
1,0,440000,442500
1,0,472500,475000
1,0,550000,552500
1,0,580000,582500
1,0,640000,642500
1,0,707500,710000
1,0,717500,720000
1,0,732500,735000
1,0,980000,982500
2,0,217500,220000
2,0,227500,230000
2,0,237500,240000
2,0,470000,472500
2,0,480000,482500
2,0,487500,490000
2,0,502500,505000
2,0,517500,520000
2,0,577500,580000
2,0,617500,620000
2,0,650000,652500
2,0,742500,745000
2,0,755000,757500
2,0,950000,952500
2,0,1107500,1110000
2,0,1120000,1122500
3,0,180000,182500
3,0,225000,227500
3,0,235000,237500
3,0,447500,450000
3,0,482500,485000
3,0,497500,500000
3,0,510000,512500
3,0,575000,577500
3,0,612500,615000
3,0,647500,650000
3,0,737500,740000
3,0,750000,752500
3,0,905000,907500
3,0,1020000,1022500
3,0,1105000,1107500
3,0,1117500,1120000
4,0,317500,320000
4,0,385000,387500
4,0,677500,680000
4,0,842500,845000
5,0,417500,420000
5,0,675000,677500
5,0,840000,842500
