from,to,rule_count,before_above_threshold,before_percent,before_top2,before_mean_distance,after_above_threshold,after_percent,after_top2,after_mean_distance
5,6,254,254,100.0,254,0.001828264005071533,254,100.0,254,0.001941089848364431
6,5,262,262,100.0,262,0.0018628361912174114,262,100.0,262,0.0019713403045676144
6,3,302,302,100.0,302,0.0023252446919877017,302,100.0,301,0.0020487732764494383
3,6,305,305,100.0,304,0.00213850461142628,305,100.0,303,0.0020740790532367097
6,1,563,563,100.0,563,0.0014095428146646877,562,99.82238010657194,562,0.0014712851613866026
1,6,578,578,100.0,578,0.001367732779377472,578,100.0,578,0.0013495604523737943
6,4,698,696,99.7134670487106,696,0.001969068107762557,697,99.8567335243553,696,0.0017812959207542992
4,6,681,680,99.85315712187959,680,0.0017141610603122156,681,100.0,681,0.0018227050920590073
6,2,145,145,100.0,145,0.003168331446318791,145,100.0,145,0.0023532314547176996
2,6,138,137,99.27536231884058,136,0.0025423348826520567,138,100.0,138,0.0027789293207984033
