participant,camera,system,available_emotions
P01,DL,FR,anger|disgust|happiness|neutral|sadness|surprise
P01,DL,LU,anger|disgust|happiness|neutral|sadness|surprise
P01,DL,XP,anger|disgust|happiness|neutral|sadness|surprise
P01,DR,FR,anger|disgust|happiness|neutral|sadness|surprise
P01,DR,LU,anger|disgust|happiness|neutral|sadness|surprise
P01,DR,XP,anger|disgust|happiness|neutral|sadness|surprise
P01,UL,FR,anger|disgust|happiness|neutral|sadness|surprise
P01,UL,LU,anger|disgust|happiness|neutral|sadness|surprise
P01,UL,XP,anger|disgust|happiness|neutral|sadness|surprise
P01,UR,FR,anger|disgust|happiness|neutral|sadness|surprise
P01,UR,LU,anger|disgust|happiness|neutral|sadness|surprise
P01,UR,XP,anger|disgust|happiness|neutral|sadness|surprise
P02,DL,FR,anger|disgust|happiness|neutral|sadness|surprise
P02,DL,LU,anger|disgust|happiness|neutral|sadness|surprise
P02,DL,XP,anger|disgust|happiness|neutral|sadness|surprise
P02,DR,FR,anger|disgust|happiness|neutral|sadness|surprise
P02,DR,LU,anger|disgust|happiness|neutral|sadness|surprise
P02,DR,XP,anger|disgust|happiness|neutral|sadness|surprise
P02,UL,FR,anger|disgust|happiness|neutral|sadness|surprise
P02,UL,LU,anger|disgust|happiness|neutral|sadness|surprise
P02,UL,XP,anger|disgust|happiness|neutral|sadness|surprise
P02,UR,FR,anger|disgust|happiness|neutral|sadness|surprise
P02,UR,LU,anger|disgust|happiness|neutral|sadness|surprise
P02,UR,XP,anger|disgust|happiness|neutral|sadness|surprise
P03,DL,FR,anger|disgust|happiness|neutral|sadness|surprise
P03,DL,LU,anger|disgust|happiness|neutral|sadness|surprise
P03,DL,XP,anger|disgust|happiness|neutral|sadness|surprise
P03,DR,FR,anger|disgust|happiness|neutral|sadness|surprise
P03,DR,LU,anger|disgust|happiness|neutral|sadness|surprise
P03,DR,XP,anger|disgust|happiness|neutral|sadness|surprise
P03,UL,FR,anger|disgust|happiness|neutral|sadness|surprise
P03,UL,LU,anger|disgust|happiness|neutral|sadness|surprise
P03,UL,XP,anger|disgust|happiness|neutral|sadness|surprise
P03,UR,FR,anger|disgust|happiness|neutral|sadness|surprise
P03,UR,LU,anger|disgust|happiness|neutral|sadness|surprise
P03,UR,XP,anger|disgust|happiness|neutral|sadness|surprise
P04,DL,FR,anger|disgust|happiness|neutral|sadness|surprise
P04,DL,LU,anger|disgust|happiness|neutral|sadness|surprise
P04,DL,XP,anger|disgust|happiness|neutral|sadness|surprise
P04,DR,FR,anger|disgust|happiness|neutral|sadness|surprise
P04,DR,LU,anger|disgust|happiness|neutral|sadness|surprise
P04,DR,XP,anger|disgust|happiness|neutral|sadness|surprise
P04,UL,FR,anger|disgust|happiness|neutral|sadness|surprise
P04,UL,LU,anger|disgust|happiness|neutral|sadness|surprise
P04,UL,XP,anger|disgust|happiness|neutral|sadness|surprise
P04,UR,FR,anger|disgust|happiness|neutral|sadness|surprise
P04,UR,LU,anger|disgust|happiness|neutral|sadness|surprise
P04,UR,XP,anger|disgust|happiness|neutral|sadness|surprise
P05,DL,FR,anger|disgust|happiness|neutral|sadness|surprise
P05,DL,LU,anger|disgust|happiness|neutral|sadness|surprise
P05,DL,XP,anger|disgust|happiness|neutral|sadness|surprise
P05,DR,FR,anger|disgust|happiness|neutral|sadness|surprise
P05,DR,LU,anger|disgust|happiness|neutral|sadness|surprise
P05,DR,XP,anger|disgust|happiness|neutral|sadness|surprise
P05,UL,FR,anger|disgust|happiness|neutral|sadness|surprise
P05,UL,LU,anger|disgust|happiness|neutral|sadness|surprise
P05,UL,XP,anger|disgust|happiness|neutral|sadness|surprise
P05,UR,FR,anger|disgust|happiness|neutral|sadness|surprise
P05,UR,LU,anger|disgust|happiness|neutral|sadness|surprise
P05,UR,XP,anger|disgust|happiness|neutral|sadness|surprise
P06,DL,FR,anger|disgust|happiness|neutral|sadness|surprise
P06,DL,LU,anger|disgust|happiness|neutral|sadness|surprise
P06,DL,XP,anger|disgust|happiness|neutral|sadness|surprise
P06,DR,FR,anger|disgust|happiness|neutral|sadness|surprise
P06,DR,LU,anger|disgust|happiness|neutral|sadness|surprise
P06,DR,XP,anger|disgust|happiness|neutral|sadness|surprise
P06,UL,FR,anger|disgust|happiness|neutral|sadness|surprise
P06,UL,LU,anger|disgust|happiness|neutral|sadness|surprise
P06,UL,XP,anger|disgust|happiness|neutral|sadness|surprise
P06,UR,FR,anger|disgust|happiness|neutral|sadness|surprise
P06,UR,LU,anger|disgust|happiness|neutral|sadness|surprise
P06,UR,XP,anger|disgust|happiness|neutral|sadness|surprise
P07,DL,FR,anger|disgust|happiness|neutral|sadness|surprise
P07,DL,LU,anger|disgust|happiness|neutral|sadness|surprise
P07,DL,XP,anger|disgust|happiness|neutral|sadness|surprise
P07,DR,FR,anger|disgust|happiness|neutral|sadness|surprise
P07,DR,LU,anger|disgust|happiness|neutral|sadness|surprise
P07,DR,XP,anger|disgust|happiness|neutral|sadness|surprise
P07,UL,FR,anger|disgust|happiness|neutral|sadness|surprise
P07,UL,LU,anger|disgust|happiness|neutral|sadness|surprise
P07,UL,XP,anger|disgust|happiness|neutral|sadness|surprise
P07,UR,FR,anger|disgust|happiness|neutral|sadness|surprise
P07,UR,LU,anger|disgust|happiness|neutral|sadness|surprise
P07,UR,XP,anger|disgust|happiness|neutral|sadness|surprise
P08,DL,FR,anger|disgust|happiness|neutral|sadness|surprise
P08,DL,LU,anger|disgust|happiness|neutral|sadness|surprise
P08,DL,XP,anger|disgust|happiness|neutral|sadness|surprise
P08,DR,FR,anger|disgust|happiness|neutral|sadness|surprise
P08,DR,LU,anger|disgust|happiness|neutral|sadness|surprise
P08,DR,XP,anger|disgust|happiness|neutral|sadness|surprise
P08,UL,FR,anger|disgust|happiness|neutral|sadness|surprise
P08,UL,LU,anger|disgust|happiness|neutral|sadness|surprise
P08,UL,XP,anger|disgust|happiness|neutral|sadness|surprise
P08,UR,FR,anger|disgust|happiness|neutral|sadness|surprise
P08,UR,LU,anger|disgust|happiness|neutral|sadness|surprise
P08,UR,XP,anger|disgust|happiness|neutral|sadness|surprise
P09,DL,FR,anger|disgust|happiness|neutral|sadness|surprise
P09,DL,LU,anger|disgust|happiness|neutral|sadness|surprise
P09,DL,XP,anger|disgust|happiness|neutral|sadness|surprise
P09,DR,FR,anger|disgust|happiness|neutral|sadness|surprise
P09,DR,LU,anger|disgust|happiness|neutral|sadness|surprise
P09,DR,XP,anger|disgust|happiness|neutral|sadness|surprise
P09,UL,FR,anger|disgust|happiness|neutral|sadness|surprise
P09,UL,LU,anger|disgust|happiness|neutral|sadness|surprise
P09,UL,XP,anger|disgust|happiness|neutral|sadness|surprise
P09,UR,FR,anger|disgust|happiness|neutral|sadness|surprise
P09,UR,LU,anger|disgust|happiness|neutral|sadness|surprise
P09,UR,XP,anger|disgust|happiness|neutral|sadness|surprise
P10,DL,FR,anger|disgust|happiness|neutral|sadness|surprise
P10,DL,LU,anger|disgust|happiness|neutral|sadness|surprise
P10,DL,XP,anger|disgust|happiness|neutral|sadness|surprise
P10,DR,FR,anger|disgust|happiness|neutral|sadness|surprise
P10,DR,LU,anger|disgust|happiness|neutral|sadness|surprise
P10,DR,XP,anger|disgust|happiness|neutral|sadness|surprise
P10,UL,FR,anger|disgust|happiness|neutral|sadness|surprise
P10,UL,LU,anger|disgust|happiness|neutral|sadness|surprise
P10,UL,XP,anger|happiness|neutral|sadness|surprise
P10,UR,FR,anger|disgust|happiness|neutral|sadness|surprise
P10,UR,LU,anger|disgust|happiness|neutral|sadness|surprise
P10,UR,XP,anger|disgust|happiness|neutral|sadness|surprise
