seq_id,user,camera,system,emotion_id,start,end,duration_windows
0,P01,DL,FR,5,0,2178,2178
0,P01,DL,FR,6,2178,2310,132
0,P01,DL,FR,5,2310,2699,389
0,P01,DL,FR,4,2699,3059,360
0,P01,DL,FR,1,3059,3104,45
0,P01,DL,FR,5,3104,3348,244
0,P01,DL,FR,6,3348,4844,1496
0,P01,DL,FR,3,4844,5632,788
0,P01,DL,FR,6,5632,14143,8511
0,P01,DL,FR,5,14143,14376,233
0,P01,DL,FR,6,14376,15348,972
0,P01,DL,FR,5,15348,16137,789
0,P01,DL,FR,6,16137,17175,1038
0,P01,DL,FR,5,17175,17864,689
0,P01,DL,FR,6,17864,17953,89
0,P01,DL,FR,1,17953,18048,95
0,P01,DL,FR,6,18048,18410,362
0,P01,DL,FR,1,18410,18704,294
0,P01,DL,FR,6,18704,21416,2712
0,P01,DL,FR,5,21416,21757,341
0,P01,DL,FR,6,21757,22442,685
0,P01,DL,FR,1,22442,22722,280
0,P01,DL,FR,6,22722,40174,17452
0,P01,DL,FR,4,40174,41120,946
0,P01,DL,FR,6,41120,52515,11395
0,P01,DL,FR,1,52515,52543,28
0,P01,DL,FR,6,52543,53930,1387
0,P01,DL,FR,4,53930,54102,172
0,P01,DL,FR,6,54102,61043,6941
0,P01,DL,FR,5,61043,61723,680
0,P01,DL,FR,6,61723,72493,10770
0,P01,DL,FR,1,72493,73650,1157
0,P01,DL,FR,6,73650,76197,2547
0,P01,DL,FR,5,76197,76647,450
0,P01,DL,FR,6,76647,96138,19491
0,P01,DL,FR,5,96138,96460,322
0,P01,DL,FR,6,96460,104323,7863
0,P01,DL,FR,5,104323,105892,1569
0,P01,DL,FR,6,105892,108617,2725
0,P01,DL,FR,5,108617,109744,1127
0,P01,DL,FR,6,109744,114904,5160
0,P01,DL,FR,5,114904,115532,628
0,P01,DL,FR,6,115532,121721,6189
0,P01,DL,FR,5,121721,122398,677
0,P01,DL,FR,6,122398,144200,21802
0,P01,DL,FR,5,144200,150955,6755
0,P01,DL,FR,6,150955,158050,7095
0,P01,DL,FR,5,158050,159478,1428
0,P01,DL,FR,6,159478,161628,2150
0,P01,DL,FR,1,161628,164314,2686
0,P01,DL,FR,5,164314,166895,2581
0,P01,DL,FR,6,166895,166934,39
0,P01,DL,FR,3,166934,167274,340
0,P01,DL,FR,6,167274,167819,545
0,P01,DL,FR,5,167819,167889,70
0,P01,DL,FR,6,167889,181939,14050
0,P01,DL,FR,4,181939,191762,9823
0,P01,DL,FR,6,191762,192226,464
0,P01,DL,FR,4,192226,192499,273
0,P01,DL,FR,6,192499,192905,406
0,P01,DL,FR,4,192905,193851,946
0,P01,DL,FR,6,193851,194329,478
0,P01,DL,FR,5,194329,202118,7789
0,P01,DL,FR,6,202118,209632,7514
0,P01,DL,FR,4,209632,210708,1076
0,P01,DL,FR,6,210708,212041,1333
0,P01,DL,FR,5,212041,214632,2591
0,P01,DL,FR,4,214632,214879,247
0,P01,DL,FR,5,214879,215223,344
0,P01,DL,FR,4,215223,216048,825
0,P01,DL,FR,5,216048,216437,389
0,P01,DL,FR,4,216437,217007,570
0,P01,DL,FR,5,217007,218005,998
0,P01,DL,FR,4,218005,219515,1510
0,P01,DL,FR,5,219515,219558,43
0,P01,DL,FR,6,219558,227731,8173
0,P01,DL,FR,4,227731,229092,1361
0,P01,DL,FR,6,229092,233981,4889
0,P01,DL,FR,2,233981,235196,1215
0,P01,DL,FR,6,235196,237967,2771
0,P01,DL,FR,4,237967,239783,1816
0,P01,DL,FR,1,239783,240143,360
0,P01,DL,FR,6,240143,261654,21511
0,P01,DL,FR,1,261654,262826,1172
0,P01,DL,FR,6,262826,262929,103
0,P01,DL,FR,1,262929,263190,261
0,P01,DL,FR,6,263190,263840,650
0,P01,DL,FR,5,263840,265765,1925
0,P01,DL,FR,6,265765,266668,903
0,P01,DL,FR,1,266668,267012,344
0,P01,DL,FR,4,267012,267547,535
0,P01,DL,FR,6,267547,267990,443
0,P01,DL,FR,4,267990,268016,26
0,P01,DL,FR,5,268016,268130,114
0,P01,DL,FR,6,268130,270971,2841
0,P01,DL,FR,5,270971,271215,244
0,P01,DL,FR,6,271215,284133,12918
0,P01,DL,FR,1,284133,288708,4575
0,P01,DL,FR,6,288708,294431,5723
0,P01,DL,FR,5,294431,296771,2340
0,P01,DL,FR,6,296771,300969,4198
0,P01,DL,FR,5,300969,303972,3003
0,P01,DL,FR,6,303972,304852,880
0,P01,DL,FR,3,304852,305312,460
0,P01,DL,FR,6,305312,312894,7582
0,P01,DL,FR,1,312894,317824,4930
0,P01,DL,FR,6,317824,317841,17
0,P01,DL,FR,3,317841,318536,695
0,P01,DL,FR,6,318536,318630,94
0,P01,DL,FR,4,318630,320924,2294
0,P01,DL,FR,6,320924,363696,42772
0,P01,DL,FR,4,363696,364173,477
0,P01,DL,FR,6,364173,368734,4561
0,P01,DL,FR,4,368734,369437,703
0,P01,DL,FR,6,369437,370066,629
0,P01,DL,FR,4,370066,371047,981
0,P01,DL,FR,6,371047,371617,570
0,P01,DL,FR,5,371617,373106,1489
0,P01,DL,FR,6,373106,380058,6952
0,P01,DL,FR,1,380058,382729,2671
0,P01,DL,FR,3,382729,386461,3732
0,P01,DL,FR,1,386461,388357,1896
0,P01,DL,FR,6,388357,389679,1322
0,P01,DL,FR,4,389679,390223,544
0,P01,DL,FR,6,390223,390465,242
0,P01,DL,FR,1,390465,391406,941
0,P01,DL,FR,6,391406,394927,3521
0,P01,DL,FR,5,394927,397627,2700
0,P01,DL,FR,6,397627,401303,3676
0,P01,DL,FR,5,401303,402955,1652
0,P01,DL,FR,6,402955,415817,12862
0,P01,DL,FR,3,415817,416630,813
0,P01,DL,FR,6,416630,420958,4328
0,P01,DL,FR,3,420958,427346,6388
0,P01,DL,FR,2,427346,428302,956
0,P01,DL,FR,4,428302,428656,354
0,P01,DL,FR,6,428656,428785,129
0,P01,DL,FR,4,428785,429347,562
0,P01,DL,FR,3,429347,430171,824
0,P01,DL,FR,6,430171,430478,307
0,P01,DL,FR,4,430478,431282,804
0,P01,DL,FR,6,431282,432762,1480
0,P01,DL,FR,5,432762,432833,71
0,P01,DL,FR,6,432833,436785,3952
0,P01,DL,FR,5,436785,437057,272
0,P01,DL,FR,6,437057,438639,1582
0,P01,DL,FR,4,438639,438947,308
0,P01,DL,FR,6,438947,443336,4389
0,P01,DL,FR,5,443336,446837,3501
0,P01,DL,FR,6,446837,447211,374
0,P01,DL,FR,5,447211,447325,114
0,P01,DL,FR,6,447325,450497,3172
0,P01,DL,FR,5,450497,450745,248
0,P01,DL,FR,6,450745,451082,337
0,P01,DL,FR,4,451082,454391,3309
0,P01,DL,FR,6,454391,455250,859
0,P01,DL,FR,3,455250,459920,4670
0,P01,DL,FR,6,459920,460800,880
0,P01,DL,FR,3,460800,461153,353
0,P01,DL,FR,6,461153,461884,731
0,P01,DL,FR,3,461884,463779,1895
0,P01,DL,FR,6,463779,464103,324
0,P01,DL,FR,4,464103,464330,227
0,P01,DL,FR,6,464330,465086,756
0,P01,DL,FR,4,465086,465476,390
0,P01,DL,FR,6,465476,466151,675
0,P01,DL,FR,4,466151,470349,4198
0,P01,DL,FR,6,470349,470495,146
0,P01,DL,FR,5,470495,470719,224
0,P01,DL,FR,6,470719,470766,47
0,P01,DL,FR,4,470766,470886,120
0,P01,DL,FR,6,470886,471050,164
0,P01,DL,FR,4,471050,471940,890
0,P01,DL,FR,6,471940,474276,2336
0,P01,DL,FR,5,474276,479471,5195
0,P01,DL,FR,4,479471,481882,2411
0,P01,DL,FR,6,481882,482436,554
0,P01,DL,FR,5,482436,482713,277
0,P01,DL,FR,6,482713,483087,374
0,P01,DL,FR,4,483087,483377,290
0,P01,DL,FR,6,483377,484359,982
0,P01,DL,FR,4,484359,488972,4613
0,P01,DL,FR,6,488972,493612,4640
0,P01,DL,FR,5,493612,494186,574
0,P01,DL,FR,6,494186,496294,2108
0,P01,DL,FR,5,496294,496477,183
0,P01,DL,FR,6,496477,500725,4248
0,P01,DL,FR,5,500725,500953,228
0,P01,DL,FR,6,500953,501214,261
0,P01,DL,FR,4,501214,503568,2354
0,P01,DL,FR,6,503568,504658,1090
0,P01,DL,FR,5,504658,505055,397
0,P01,DL,FR,6,505055,508566,3511
0,P01,DL,FR,5,508566,508651,85
0,P01,DL,FR,6,508651,510895,2244
0,P01,DL,FR,5,510895,511061,166
0,P01,DL,FR,6,511061,512401,1340
0,P01,DL,FR,5,512401,512663,262
0,P01,DL,FR,4,512663,519699,7036
0,P01,DL,FR,6,519699,524938,5239
0,P01,DL,FR,5,524938,525857,919
0,P01,DL,FR,4,525857,526136,279
0,P01,DL,FR,6,526136,527848,1712
0,P01,DL,FR,4,527848,528048,200
0,P01,DL,FR,6,528048,552348,24300
0,P01,DL,FR,5,552348,553592,1244
0,P01,DL,FR,6,553592,554452,860
0,P01,DL,FR,4,554452,554730,278
0,P01,DL,FR,6,554730,554826,96
0,P01,DL,FR,5,554826,555225,399
0,P01,DL,FR,4,555225,555326,101
0,P01,DL,FR,5,555326,555674,348
0,P01,DL,FR,4,555674,556152,478
0,P01,DL,FR,5,556152,556883,731
0,P01,DL,FR,6,556883,557683,800
0,P01,DL,FR,5,557683,558706,1023
0,P01,DL,FR,6,558706,559170,464
0,P01,DL,FR,5,559170,559290,120
0,P01,DL,FR,6,559290,565279,5989
0,P01,DL,FR,5,565279,565285,6
0,P01,DL,FR,6,565285,565560,275
0,P01,DL,FR,5,565560,566277,717
0,P01,DL,FR,6,566277,576935,10658
0,P01,DL,FR,5,576935,577187,252
0,P01,DL,FR,6,577187,577616,429
0,P01,DL,FR,5,577616,577970,354
0,P01,DL,FR,2,577970,578216,246
0,P01,DL,FR,6,578216,578457,241
0,P01,DL,FR,4,578457,580517,2060
0,P01,DL,FR,6,580517,582180,1663
0,P01,DL,FR,4,582180,582590,410
0,P01,DL,FR,5,582590,585390,2800
0,P01,DL,FR,6,585390,586138,748
0,P01,DL,FR,5,586138,588183,2045
0,P01,DL,FR,6,588183,588321,138
0,P01,DL,FR,5,588321,595373,7052
0,P01,DL,FR,6,595373,595695,322
0,P01,DL,FR,5,595695,596333,638
0,P01,DL,FR,6,596333,596339,6
0,P01,DL,FR,5,596339,596645,306
0,P01,DL,FR,6,596645,596811,166
0,P01,DL,FR,5,596811,597074,263
0,P01,DL,FR,6,597074,598000,926
0,P01,DL,FR,1,598000,598031,31
0,P01,DL,FR,6,598031,598314,283
0,P01,DL,FR,5,598314,598778,464
0,P01,DL,FR,6,598778,614837,16059
0,P01,DL,FR,4,614837,617357,2520
0,P01,DL,FR,6,617357,618082,725
0,P01,DL,FR,4,618082,619598,1516
0,P01,DL,FR,6,619598,626342,6744
0,P01,DL,FR,5,626342,626908,566
0,P01,DL,FR,6,626908,627076,168
0,P01,DL,FR,4,627076,628311,1235
0,P01,DL,FR,6,628311,636174,7863
0,P01,DL,FR,4,636174,636246,72
0,P01,DL,FR,6,636246,639011,2765
0,P01,DL,FR,5,639011,639158,147
0,P01,DL,FR,6,639158,639573,415
0,P01,DL,FR,5,639573,640133,560
0,P01,DL,FR,6,640133,642223,2090
0,P01,DL,FR,5,642223,642414,191
0,P01,DL,FR,6,642414,642653,239
0,P01,DL,FR,5,642653,643163,510
0,P01,DL,FR,6,643163,643270,107
0,P01,DL,FR,5,643270,644944,1674
0,P01,DL,FR,6,644944,650112,5168
0,P01,DL,FR,4,650112,652541,2429
0,P01,DL,FR,6,652541,663746,11205
0,P01,DL,FR,5,663746,664248,502
0,P01,DL,FR,6,664248,674337,10089
0,P01,DL,FR,5,674337,674667,330
0,P01,DL,FR,6,674667,674831,164
0,P01,DL,FR,4,674831,674915,84
0,P01,DL,FR,6,674915,675336,421
0,P01,DL,FR,4,675336,675465,129
0,P01,DL,FR,6,675465,675965,500
0,P01,DL,FR,5,675965,676122,157
0,P01,DL,FR,6,676122,677317,1195
0,P01,DL,FR,5,677317,677785,468
0,P01,DL,FR,4,677785,677980,195
0,P01,DL,FR,3,677980,679111,1131
0,P01,DL,FR,6,679111,687010,7899
0,P01,DL,FR,5,687010,687745,735
0,P01,DL,FR,6,687745,691781,4036
0,P01,DL,FR,5,691781,693490,1709
0,P01,DL,FR,6,693490,695114,1624
0,P01,DL,FR,5,695114,695589,475
0,P01,DL,FR,6,695589,708808,13219
0,P01,DL,FR,5,708808,709876,1068
0,P01,DL,FR,6,709876,710028,152
0,P01,DL,FR,5,710028,710368,340
0,P01,DL,FR,6,710368,710572,204
0,P01,DL,FR,5,710572,711043,471
0,P01,DL,FR,6,711043,711421,378
0,P01,DL,FR,5,711421,712050,629
0,P01,DL,FR,6,712050,712176,126
0,P01,DL,FR,4,712176,712344,168
0,P01,DL,FR,2,712344,712388,44
0,P01,DL,FR,4,712388,712726,338
0,P01,DL,FR,6,712726,714348,1622
0,P01,DL,FR,5,714348,714948,600
0,P01,DL,FR,6,714948,715580,632
0,P01,DL,FR,2,715580,715849,269
0,P01,DL,FR,6,715849,717170,1321
0,P01,DL,FR,2,717170,717400,230
0,P01,DL,FR,6,717400,719501,2101
0,P01,DL,FR,4,719501,720049,548
0,P01,DL,FR,6,720049,720516,467
0,P01,DL,FR,5,720516,721245,729
0,P01,DL,FR,6,721245,721621,376
0,P01,DL,FR,5,721621,722372,751
0,P01,DL,FR,6,722372,723539,1167
0,P01,DL,FR,4,723539,724067,528
0,P01,DL,FR,6,724067,724741,674
0,P01,DL,FR,5,724741,724979,238
0,P01,DL,FR,6,724979,729747,4768
0,P01,DL,FR,5,729747,730032,285
0,P01,DL,FR,4,730032,730609,577
0,P01,DL,FR,2,730609,731582,973
0,P01,DL,FR,6,731582,731744,162
0,P01,DL,FR,1,731744,732372,628
0,P01,DL,FR,6,732372,735034,2662
0,P01,DL,FR,4,735034,735431,397
0,P01,DL,FR,2,735431,735682,251
0,P01,DL,FR,6,735682,735707,25
0,P01,DL,FR,4,735707,735905,198
0,P01,DL,FR,6,735905,735983,78
0,P01,DL,FR,2,735983,736166,183
0,P01,DL,FR,6,736166,736695,529
0,P01,DL,FR,5,736695,737862,1167
0,P01,DL,FR,4,737862,737958,96
0,P01,DL,FR,6,737958,739530,1572
0,P01,DL,FR,4,739530,744977,5447
0,P01,DL,FR,6,744977,747236,2259
0,P01,DL,FR,5,747236,747972,736
0,P01,DL,FR,6,747972,749627,1655
0,P01,DL,FR,5,749627,750054,427
0,P01,DL,FR,6,750054,751899,1845
0,P01,DL,FR,5,751899,752768,869
0,P01,DL,FR,6,752768,753798,1030
0,P01,DL,FR,4,753798,756225,2427
0,P01,DL,FR,6,756225,757824,1599
0,P01,DL,FR,4,757824,758401,577
0,P01,DL,FR,6,758401,760486,2085
0,P01,DL,FR,5,760486,760858,372
0,P01,DL,FR,6,760858,772674,11816
0,P01,DL,FR,4,772674,774275,1601
0,P01,DL,FR,6,774275,786453,12178
0,P01,DL,FR,4,786453,786621,168
0,P01,DL,FR,6,786621,788230,1609
0,P01,DL,FR,5,788230,788315,85
0,P01,DL,FR,6,788315,791717,3402
0,P01,DL,FR,5,791717,791876,159
0,P01,DL,FR,6,791876,800652,8776
0,P01,DL,FR,5,800652,801068,416
0,P01,DL,FR,6,801068,807990,6922
0,P01,DL,FR,5,807990,808264,274
0,P01,DL,FR,6,808264,843424,35160
0,P01,DL,FR,3,843424,844946,1522
0,P01,DL,FR,6,844946,846331,1385
0,P01,DL,FR,3,846331,847435,1104
0,P01,DL,FR,0,847435,847648,213
0,P01,DL,FR,6,847648,851075,3427
0,P01,DL,FR,2,851075,851279,204
0,P01,DL,FR,6,851279,852467,1188
0,P01,DL,FR,3,852467,853038,571
0,P01,DL,FR,6,853038,853339,301
0,P01,DL,FR,2,853339,853746,407
0,P01,DL,FR,6,853746,888057,34311
0,P01,DL,FR,2,888057,904694,16637
0,P01,DL,FR,6,904694,909625,4931
0,P01,DL,FR,4,909625,951266,41641
0,P01,DL,FR,5,951266,951374,108
0,P01,DL,FR,6,951374,951382,8
0,P01,DL,FR,1,951382,951554,172
0,P01,DL,FR,6,951554,952037,483
0,P01,DL,FR,5,952037,952094,57
0,P01,DL,FR,6,952094,952587,493
0,P01,DL,FR,4,952587,953645,1058
0,P01,DL,FR,6,953645,955768,2123
0,P01,DL,FR,5,955768,956201,433
0,P01,DL,FR,6,956201,958317,2116
0,P01,DL,FR,1,958317,958603,286
0,P01,DL,FR,6,958603,959123,520
0,P01,DL,FR,5,959123,959531,408
0,P01,DL,FR,6,959531,959665,134
0,P01,DL,FR,5,959665,960248,583
0,P01,DL,FR,6,960248,960595,347
0,P01,DL,FR,4,960595,960690,95
0,P01,DL,FR,6,960690,961136,446
0,P01,DL,FR,1,961136,962398,1262
0,P01,DL,FR,6,962398,963496,1098
0,P01,DL,FR,5,963496,964340,844
0,P01,DL,FR,1,964340,968996,4656
0,P01,DL,FR,2,968996,972968,3972
0,P01,DL,FR,6,972968,973417,449
0,P01,DL,FR,2,973417,973566,149
0,P01,DL,FR,6,973566,975264,1698
0,P01,DL,FR,2,975264,975666,402
0,P01,DL,FR,6,975666,976472,806
0,P01,DL,FR,1,976472,978777,2305
0,P01,DL,FR,6,978777,982004,3227
0,P01,DL,FR,5,982004,1002155,20151
0,P01,DL,FR,6,1002155,1022941,20786
0,P01,DL,FR,4,1022941,1023889,948
0,P01,DL,FR,6,1023889,1026536,2647
0,P01,DL,FR,5,1026536,1065482,38946
0,P01,DL,FR,6,1065482,1103735,38253
0,P01,DL,FR,4,1103735,1103936,201
0,P01,DL,FR,6,1103936,1106559,2623
0,P01,DL,FR,4,1106559,1109250,2691
0,P01,DL,FR,6,1109250,1119106,9856
0,P01,DL,FR,4,1119106,1121142,2036
0,P01,DL,FR,6,1121142,1121395,253
0,P01,DL,FR,4,1121395,1121813,418
0,P01,DL,FR,6,1121813,1122713,900
0,P01,DL,FR,3,1122713,1123081,368
0,P01,DL,FR,4,1123081,1123607,526
0,P01,DL,FR,5,1123607,1123720,113
0,P01,DL,FR,6,1123720,1131965,8245
0,P01,DL,FR,3,1131965,1133335,1370
0,P01,DL,FR,6,1133335,1135951,2616
0,P01,DL,FR,0,1135951,1136924,973
0,P01,DL,FR,6,1136924,1141788,4864
0,P01,DL,FR,4,1141788,1142114,326
0,P01,DL,FR,6,1142114,1180929,38815
